Rank,Name,Country,2020 Population ,2019 Population,Change
1,Tokyo,Japan,"37,393,129","37,435,191",-0.11%
2,Delhi,India,"30,290,936","29,399,141",3.03%
3,Shanghai,China,"27,058,479","26,317,104",2.82%
4,Sao Paulo,Brazil,"22,043,028","21,846,507",0.90%
5,Mexico City,Mexico,"21,782,378","21,671,908",0.51%
6,Dhaka,Bangladesh,"21,005,860","20,283,552",3.56%
7,Cairo,Egypt,"20,900,604","20,484,965",2.03%
8,Beijing,China,"20,462,610","20,035,455",2.13%
9,Mumbai,India,"20,411,274","20,185,064",1.12%
10,Osaka,Japan,"19,165,340","19,222,665",-0.30%
11,Karachi,Pakistan,"16,093,786","15,741,406",2.24%
12,Chongqing,China,"15,872,179","15,354,067",3.37%
13,Istanbul,Turkey,"15,190,336","14,967,667",1.49%
14,Buenos Aires,Argentina,"15,153,729","15,057,273",0.64%
15,Kolkata,India,"14,850,066","14,755,186",0.64%
16,Lagos,Nigeria,"14,368,332","13,903,620",3.34%
17,Kinshasa,Dr Congo,"14,342,439","13,743,278",4.36%
18,Manila,Philippines,"13,923,452","13,698,889",1.64%
19,Tianjin,China,"13,589,078","13,396,402",1.44%
20,Rio De Janeiro,Brazil,"13,458,075","13,374,275",0.63%
21,Guangzhou,China,"13,301,532","12,967,862",2.57%
22,Lahore,Pakistan,"12,642,423","12,188,196",3.73%
23,Moscow,Russia,"12,537,954","12,476,171",0.50%
24,Shenzhen,China,"12,356,820","12,128,721",1.88%
25,Bangalore,India,"12,326,532","11,882,666",3.74%
26,Paris,France,"11,017,230","10,958,187",0.54%
27,Bogota,Colombia,"10,978,360","10,779,376",1.85%
28,Chennai,India,"10,971,108","10,711,243",2.43%
29,Jakarta,Indonesia,"10,770,487","10,638,689",1.24%
30,Lima,Peru,"10,719,188","10,554,712",1.56%
31,Bangkok,Thailand,"10,539,415","10,350,204",1.83%
32,Hyderabad,India,"10,004,144","9,741,397",2.70%
33,Seoul,South Korea,"9,963,452","9,962,393",0.01%
34,Nagoya,Japan,"9,552,132","9,532,059",0.21%
35,London,United Kingdom,"9,304,016","9,176,530",1.39%
36,Chengdu,China,"9,135,768","8,971,839",1.83%
37,Tehran,Iran,"9,134,708","9,013,663",1.34%
38,New York,United States,"8,622,357","8,580,015",0.25%
39,Wuhan,China,"8,364,977","8,266,273",1.19%
40,Luanda,Angola,"8,329,798","8,044,735",3.54%
41,Ahmedabad,India,"8,059,441","7,868,633",2.42%
42,Xian,China,"8,000,965","7,722,254",3.61%
43,Kuala Lumpur,Malaysia,"7,996,830","7,780,301",2.78%
44,Hangzhou,China,"7,642,147","7,437,993",2.74%
45,Hong Kong,Hong Kong,"7,547,652","7,490,776",0.76%
46,Dongguan,China,"7,407,852","7,378,500",0.40%
47,Foshan,China,"7,326,852","7,257,143",0.96%
48,Riyadh,Saudi Arabia,"7,231,447","7,070,665",2.27%
49,Shenyang,China,"7,220,104","7,069,012",2.14%
50,Surat,India,"7,184,590","6,873,756",4.52%
51,Baghdad,Iraq,"7,144,260","6,974,439",2.43%
52,Suzhou Jiangsu,China,"7,069,992","6,703,499",5.47%
53,Santiago,Chile,"6,767,223","6,723,516",0.65%
54,Dar Es Salaam,Tanzania,"6,701,650","6,368,272",5.23%
55,Pune,India,"6,629,347","6,451,618",2.75%
56,Madrid,Spain,"6,617,513","6,559,041",0.89%
57,Harbin,China,"6,387,195","6,249,824",2.20%
58,Toronto,Canada,"6,196,731","6,139,404",0.93%
59,Belo Horizonte,Brazil,"6,084,430","6,028,319",0.93%
60,Singapore,Singapore,"5,935,053","5,868,104",1.14%
61,Khartoum,Sudan,"5,828,858","5,677,921",2.66%
62,Johannesburg,South Africa,"5,782,747","5,635,127",2.62%
63,Qingdao,China,"5,619,977","5,499,117",2.20%
64,Dalian,China,"5,617,849","5,458,521",2.92%
65,Barcelona,Spain,"5,585,556","5,541,127",0.80%
66,Fukuoka,Japan,"5,528,632","5,540,084",-0.21%
67,St Petersburg,Russia,"5,467,808","5,426,959",0.75%
68,Jinan,China,"5,360,185","5,205,402",2.97%
69,Yangon,Myanmar,"5,331,800","5,243,989",1.67%
70,Zhengzhou,China,"5,322,696","5,131,377",3.73%
71,Alexandria,Egypt,"5,280,664","5,182,450",1.90%
72,Abidjan,Ivory Coast,"5,202,762","5,058,550",2.85%
73,Guadalajara,Mexico,"5,179,479","5,100,527",1.55%
74,Ankara,Turkey,"5,117,603","5,017,996",1.98%
75,Chittagong,Bangladesh,"5,019,824","4,914,633",2.14%
76,Melbourne,Australia,"4,967,733","4,870,388",2.00%
77,Sydney,Australia,"4,925,987","4,859,432",1.37%
78,Monterrey,Mexico,"4,874,095","4,792,864",1.69%
79,Nairobi,Kenya,"4,734,881","4,556,381",3.92%
80,Brasilia,Brazil,"4,645,843","4,558,991",1.91%
81,Cape Town,South Africa,"4,617,560","4,524,111",2.07%
82,Jiddah,Saudi Arabia,"4,610,176","4,522,216",1.95%
83,Changsha,China,"4,577,723","4,460,622",2.63%
84,Kunming,China,"4,443,186","4,335,924",2.47%
85,Changchun,China,"4,425,761","4,332,263",2.16%
86,Xinbei,Taiwan,"4,398,383","4,361,480",0.85%
87,Urumqi,China,"4,368,865","4,189,926",4.27%
88,Shantou,China,"4,327,316","4,249,233",1.84%
89,Rome,Italy,"4,257,056","4,234,019",0.54%
90,Hefei,China,"4,241,514","4,110,366",3.19%
91,Montreal,Canada,"4,220,566","4,195,523",0.60%
92,Tel Aviv,Israel,"4,181,479","4,096,962",2.06%
93,Porto Alegre,Brazil,"4,137,417","4,115,354",0.54%
94,Recife,Brazil,"4,127,091","4,077,746",1.21%
95,Ningbo,China,"4,116,209","3,965,588",3.80%
96,Shijiazhuang,China,"4,114,393","4,031,021",2.07%
97,Los Angeles,United States,"4,085,014","4,030,668",0.67%
98,Fortaleza,Brazil,"4,073,465","4,025,753",1.19%
99,Medellin,Colombia,"4,000,263","3,966,906",0.84%
100,Kano,Nigeria,"3,999,050","3,905,598",2.39%
101,Yaounde,Cameroon,"3,992,411","3,822,425",4.45%
102,Jaipur,India,"3,909,333","3,812,262",2.55%
103,Ekurhuleni,South Africa,"3,894,262","3,817,938",2.00%
104,Taiyuan Shanxi,China,"3,891,127","3,807,407",2.20%
105,Nanning,China,"3,859,608","3,743,602",3.10%
106,San Salvador,Brazil,"3,839,076","3,796,634",1.12%
107,Casablanca,Morocco,"3,752,357","3,716,093",0.98%
108,Xiamen,China,"3,720,141","3,651,537",1.88%
109,Fuzhou Fujian,China,"3,685,701","3,608,056",2.15%
110,Lucknow,India,"3,676,515","3,589,795",2.42%
111,Douala,Cameroon,"3,663,227","3,536,119",3.59%
112,Changzhou,China,"3,625,328","3,498,645",3.62%
113,Wenzhou,China,"3,623,646","3,521,172",2.91%
114,Nanchang,China,"3,598,421","3,485,364",3.24%
115,Berlin,Germany,"3,562,038","3,556,792",0.15%
116,Kozhikode,India,"3,555,411","3,364,657",5.67%
117,Ibadan,Nigeria,"3,551,961","3,463,855",2.54%
118,Busan,South Korea,"3,465,190","3,465,633",-0.01%
119,Faisalabad,Pakistan,"3,462,295","3,385,342",2.27%
120,Tangshan Hebei,China,"3,425,638","3,285,328",4.27%
121,Bekasi,Indonesia,"3,394,273","3,276,733",3.59%
122,Malappuram,India,"3,391,277","3,169,457",7.00%
123,Antananarivo,Madagascar,"3,368,585","3,210,386",4.93%
124,Kumasi,Ghana,"3,348,062","3,205,586",4.44%
125,Asuncion,Paraguay,"3,336,562","3,279,160",1.75%
126,Santo Domingo,Dominican Republic,"3,317,784","3,245,021",2.24%
127,Guiyang,China,"3,317,110","3,226,249",2.82%
128,Campinas,Brazil,"3,300,794","3,255,911",1.38%
129,Kampala,Uganda,"3,298,364","3,137,690",5.12%
130,Abuja,Nigeria,"3,277,740","3,095,118",5.90%
131,Wuxi Jiangsu,China,"3,256,020","3,198,981",1.78%
132,Mashhad,Iran,"3,208,336","3,152,482",1.77%
133,Puebla,Mexico,"3,194,848","3,145,456",1.57%
134,Athens,Greece,"3,153,355","3,154,152",-0.03%
135,Dakar,Senegal,"3,140,442","3,057,065",2.73%
136,Milan,Italy,"3,140,181","3,136,077",0.13%
137,Kanpur,India,"3,123,990","3,100,285",0.76%
138,Kuwait City,Kuwait,"3,114,553","3,052,493",2.03%
139,Kochi,India,"3,082,055","2,969,638",3.79%
140,Lanzhou,China,"3,080,522","3,007,613",2.42%
141,Thrissur,India,"3,068,164","2,920,761",5.05%
142,Port Harcourt,Nigeria,"3,020,232","2,873,322",5.11%
143,Guayaquil,Ecuador,"2,994,218","2,946,158",1.63%
144,Sanaa,Yemen,"2,972,988","2,874,373",3.43%
145,Lisbon,Portugal,"2,956,879","2,942,097",0.50%
146,Surabaya,Indonesia,"2,944,403","2,921,630",0.78%
147,Guatemala City,Guatemala,"2,934,841","2,891,230",1.51%
148,Shizuoka,Japan,"2,922,320","2,911,784",0.36%
149,Zhongshan,China,"2,913,974","2,890,965",0.80%
150,Dubai,United Arab Emirates,"2,878,344","2,833,079",1.60%
151,Incheon,South Korea,"2,801,039","2,782,612",0.66%
152,Coimbatore,India,"2,786,600","2,713,233",2.70%
153,Cali,Colombia,"2,781,980","2,754,078",1.01%
154,Ouagadougou,Burkina Faso,"2,780,331","2,652,720",4.81%
155,Lusaka,Zambia,"2,774,133","2,646,619",4.82%
156,Port Au Prince,Haiti,"2,773,553","2,704,187",2.57%
157,Algiers,Algeria,"2,767,661","2,729,325",1.40%
158,Manchester,United Kingdom,"2,730,076","2,710,074",0.74%
159,Depok,Indonesia,"2,727,209","2,615,154",4.28%
160,Taiyuan,Taiwan,"2,721,485","2,713,112",0.31%
161,Goiania,Brazil,"2,690,011","2,628,413",2.34%
162,Chicago,United States,"2,670,406","2,687,682",-0.32%
163,Sapporo,Japan,"2,669,680","2,667,852",0.07%
164,Huaian,China,"2,655,320","2,537,652",4.64%
165,Weifang,China,"2,653,989","2,560,068",3.67%
166,Zibo,China,"2,639,735","2,596,275",1.67%
167,Bamako,Mali,"2,617,686","2,529,328",3.49%
168,Thiruvananthapuram,India,"2,584,752","2,476,928",4.35%
169,Vancouver,Canada,"2,581,079","2,555,884",0.99%
170,Bandung,Indonesia,"2,580,191","2,557,561",0.88%
171,Pretoria,South Africa,"2,565,660","2,472,612",3.76%
172,Shaoxing,China,"2,540,018","2,444,934",3.89%
173,Yantai,China,"2,526,702","2,442,581",3.44%
174,Mbuji Mayi,Dr Congo,"2,525,263","2,412,532",4.67%
175,Huizhou,China,"2,524,543","2,441,944",3.38%
176,Tashkent,Uzbekistan,"2,517,381","2,490,334",1.09%
177,Accra,Ghana,"2,514,005","2,475,208",1.57%
178,Lubumbashi,Dr Congo,"2,478,262","2,377,495",4.24%
179,Toluca De Lerdo,Mexico,"2,467,241","2,410,875",2.34%
180,San Juan,Puerto Rico,"2,448,417","2,451,375",-0.12%
181,Beirut,Lebanon,"2,424,425","2,406,875",0.73%
182,Brisbane,Australia,"2,406,182","2,372,335",1.43%
183,Damascus,Syria,"2,392,045","2,353,637",1.63%
184,Bhopal,India,"2,389,547","2,333,106",2.42%
185,Brazzaville,Republic Of The Congo,"2,388,090","2,308,076",3.47%
186,Luoyang,China,"2,387,094","2,311,242",3.28%
187,Houston,United States,"2,378,146","2,340,814",0.79%
188,Tunis,Tunisia,"2,365,201","2,327,822",1.61%
189,Baku,Azerbaijan,"2,341,443","2,313,138",1.22%
190,Tangerang,Indonesia,"2,338,547","2,279,906",2.57%
191,Medan,Indonesia,"2,337,958","2,310,522",1.19%
192,Belem,Brazil,"2,334,462","2,307,615",1.16%
193,Sendai,Japan,"2,327,417","2,317,722",0.42%
194,Mogadishu,Somalia,"2,282,009","2,179,855",4.69%
195,Nantong,China,"2,275,777","2,199,133",3.49%
196,Barranquilla,Colombia,"2,272,914","2,245,912",1.20%
197,Manaus,Brazil,"2,260,788","2,216,713",1.99%
198,Maracaibo,Venezuela,"2,257,999","2,218,693",1.77%
199,Taoyuan,Taiwan,"2,245,162","2,217,749",1.24%
200,Rawalpindi,Pakistan,"2,236,905","2,195,560",1.88%
201,Gujranwala,Pakistan,"2,229,220","2,168,960",2.78%
202,Agra,India,"2,210,246","2,159,903",2.33%
203,Peshawar,Pakistan,"2,202,946","2,133,382",3.26%
204,Daegu,South Korea,"2,198,962","2,209,367",-0.47%
205,Baotou,China,"2,190,495","2,142,760",2.23%
206,Naples,Italy,"2,186,853","2,191,906",-0.23%
207,Visakhapatnam,India,"2,174,968","2,124,948",2.35%
208,Kannur,India,"2,166,906","2,107,309",2.83%
209,Liuzhou,China,"2,165,257","2,103,506",2.94%
210,Hohhot,China,"2,163,394","2,085,969",3.71%
211,Amman,Jordan,"2,148,293","2,108,509",1.89%
212,Xuzhou,China,"2,145,970","2,099,308",2.22%
213,Havana,Cuba,"2,140,423","2,138,419",0.09%
214,Tijuana,Mexico,"2,140,398","2,099,293",1.96%
215,Esfahan,Iran,"2,132,037","2,086,356",2.19%
216,Hiroshima,Japan,"2,083,223","2,089,157",-0.28%
217,Brussels,Belgium,"2,080,788","2,065,284",0.75%
218,Phnom Penh,Cambodia,"2,077,757","2,014,015",3.16%
219,Grande Vitoria,Brazil,"2,075,857","2,039,962",1.76%
220,Nashik,India,"2,065,728","2,008,598",2.84%
221,Mecca,Saudi Arabia,"2,042,106","2,004,888",1.86%
222,Perth,Australia,"2,041,959","2,016,415",1.27%
223,Vijayawada,India,"2,039,845","1,975,188",3.27%
224,Minsk,Belarus,"2,028,104","2,016,677",0.57%
225,Multan,Pakistan,"2,015,091","1,972,432",2.16%
226,Yangzhou,China,"1,992,773","1,946,377",2.38%
227,Bursa,Turkey,"1,986,268","1,951,161",1.80%
228,Baoding,China,"1,975,790","1,932,104",2.26%
229,Conakry,Guinea,"1,938,272","1,889,233",2.60%
230,Linyi Shandong,China,"1,936,908","1,889,824",2.49%
231,Taizhou Zhejiang,China,"1,934,847","1,876,402",3.11%
232,Vienna,Austria,"1,929,944","1,915,338",0.76%
233,Aleppo,Syria,"1,916,781","1,834,093",4.51%
234,Putian,China,"1,907,350","1,809,304",5.42%
235,Almaty,Kazakhstan,"1,895,742","1,862,809",1.77%
236,Baixada Santista,Brazil,"1,892,314","1,872,844",1.04%
237,West Yorkshire,United Kingdom,"1,889,095","1,876,395",0.68%
238,Haikou,China,"1,889,071","1,846,864",2.29%
239,Rabat,Morocco,"1,884,802","1,864,851",1.07%
240,Rajkot,India,"1,878,032","1,822,437",3.05%
241,Wuhu Anhui,China,"1,870,281","1,777,511",5.22%
242,Semarang,Indonesia,"1,866,492","1,832,670",1.85%
243,Yancheng Jiangsu,China,"1,864,424","1,821,247",2.37%
244,Panama City,Panama,"1,860,291","1,821,693",2.12%
245,Daqing,China,"1,859,001","1,810,606",2.67%
246,Ludhiana,India,"1,856,849","1,830,424",1.44%
247,Kollam,India,"1,851,558","1,760,698",5.16%
248,Lome,Togo,"1,827,878","1,785,310",2.38%
249,Davao City,Philippines,"1,825,450","1,784,942",2.27%
250,Leon De Los Aldamas,Mexico,"1,825,080","1,801,979",1.28%
251,Lianyungang,China,"1,820,127","1,761,551",3.33%
252,Bucharest,Romania,"1,803,247","1,812,290",-0.50%
253,Hamburg,Germany,"1,789,954","1,791,120",-0.07%
254,Warsaw,Poland,"1,783,251","1,775,933",0.41%
255,Adana,Turkey,"1,770,850","1,749,869",1.20%
256,Budapest,Hungary,"1,768,073","1,763,913",0.24%
257,Zhuhai,China,"1,759,378","1,715,058",2.58%
258,Datong,China,"1,745,333","1,701,797",2.56%
259,Phoenix,United States,"1,743,469","1,679,243",1.88%
260,Madurai,India,"1,734,173","1,704,385",1.75%
261,Benin City,Nigeria,"1,727,169","1,676,132",3.04%
262,Palembang,Indonesia,"1,722,700","1,693,463",1.73%
263,Lyon,France,"1,719,268","1,704,738",0.85%
264,Santa Cruz,Bolivia,"1,712,688","1,676,912",2.13%
265,Matola,Mozambique,"1,705,886","1,668,740",2.23%
266,Gaziantep,Turkey,"1,704,118","1,667,798",2.18%
267,Meerut,India,"1,696,440","1,665,859",1.84%
268,Quanzhou,China,"1,694,076","1,631,153",3.86%
269,Jiangmen,China,"1,687,310","1,663,153",1.45%
270,Sharjah,United Arab Emirates,"1,684,649","1,628,932",3.42%
271,Glasgow,United Kingdom,"1,673,332","1,666,632",0.40%
272,Varanasi,India,"1,664,942","1,639,138",1.57%
273,Novosibirsk,Russia,"1,663,748","1,650,185",0.82%
274,Xiangyang,China,"1,657,726","1,631,785",1.59%
275,Shiraz,Iran,"1,651,362","1,627,939",1.44%
276,Raipur,India,"1,642,169","1,581,479",3.84%
277,Stockholm,Sweden,"1,632,798","1,608,037",1.54%
278,Mosul,Iraq,"1,629,932","1,577,979",3.29%
279,Anshan,China,"1,629,166","1,613,590",0.97%
280,Can Tho,Vietnam,"1,617,602","1,530,519",5.69%
281,La Laguna,Mexico,"1,614,854","1,553,033",3.98%
282,Tabriz,Iran,"1,611,133","1,596,171",0.94%
283,Cixi,China,"1,609,221","1,544,524",4.19%
284,Marseille,France,"1,608,236","1,603,434",0.30%
285,Auckland,New Zealand,"1,606,564","1,582,028",1.55%
286,Jilin,China,"1,603,332","1,585,383",1.13%
287,Jamshedpur,India,"1,599,434","1,570,577",1.84%
288,San Antonio,United States,"1,590,402","1,541,456",1.56%
289,Srinagar,India,"1,585,774","1,549,803",2.32%
290,Makassar,Indonesia,"1,583,553","1,556,025",1.77%
291,Karaj,Iran,"1,580,413","1,581,403",-0.06%
292,Philadelphia,United States,"1,579,504","1,573,688",0.18%
293,Yinchuan,China,"1,579,049","1,530,944",3.14%
294,Daejon,South Korea,"1,565,656","1,561,931",0.24%
295,Qiqihaer,China,"1,559,581","1,536,903",1.48%
296,Aurangabad,India,"1,558,412","1,517,148",2.72%
297,Muscat,Oman,"1,549,729","1,501,635",3.20%
298,Yichang,China,"1,548,423","1,490,109",3.91%
299,Calgary,Canada,"1,547,484","1,512,539",2.31%
300,Batam,Indonesia,"1,546,064","1,473,274",4.94%
301,Xining,China,"1,539,437","1,495,340",2.95%
302,Munich,Germany,"1,538,302","1,521,417",1.11%
303,Gaoxiong,Taiwan,"1,537,640","1,534,349",0.21%
304,Qinhuangdao,China,"1,535,223","1,483,631",3.48%
305,Rosario,Argentina,"1,532,128","1,510,253",1.45%
306,Harare,Zimbabwe,"1,529,920","1,521,311",0.57%
307,Hengyang,China,"1,527,107","1,479,887",3.19%
308,Gwangju,South Korea,"1,521,506","1,519,448",0.14%
309,Monrovia,Liberia,"1,517,235","1,467,026",3.42%
310,Yekaterinburg,Russia,"1,503,812","1,493,370",0.70%
311,Tiruppur,India,"1,496,389","1,432,643",4.45%
312,Jining Shandong,China,"1,494,249","1,471,411",1.55%
313,Medina,Saudi Arabia,"1,488,782","1,459,468",2.01%
314,Grande Sao Luis,Brazil,"1,485,763","1,472,956",0.87%
315,Abu Dhabi,United Arab Emirates,"1,482,816","1,452,057",2.12%
316,Jodhpur,India,"1,471,900","1,434,312",2.62%
317,San Diego,United States,"1,469,490","1,438,060",1.08%
318,Edmonton,Canada,"1,461,182","1,429,743",2.20%
319,Kananga,Dr Congo,"1,458,400","1,395,418",4.51%
320,Natal,Brazil,"1,456,844","1,426,562",2.12%
321,Jabalpur,India,"1,449,787","1,429,683",1.41%
322,Tegucigalpa,Honduras,"1,444,085","1,403,162",2.92%
323,Suqian,China,"1,440,060","1,357,818",6.06%
324,Ranchi,India,"1,439,195","1,404,095",2.50%
325,Huainan,China,"1,437,838","1,414,863",1.62%
326,Mandalay,Myanmar,"1,437,554","1,405,821",2.26%
327,Zhangjiakou,China,"1,434,649","1,400,504",2.44%
328,Asansol,India,"1,431,260","1,410,410",1.48%
329,Kharkiv,Ukraine,"1,429,004","1,432,345",-0.23%
330,Chaozhou,China,"1,428,383","1,408,284",1.43%
331,Kathmandu,Nepal,"1,423,515","1,376,108",3.45%
332,N Djamena,Chad,"1,422,547","1,371,524",3.72%
333,Onitsha,Nigeria,"1,414,790","1,348,529",4.91%
334,Dallas,United States,"1,400,337","1,359,133",1.49%
335,San Jose,Costa Rica,"1,399,629","1,378,546",1.53%
336,Chon Buri,Thailand,"1,398,645","1,379,856",1.36%
337,Belgrade,Serbia,"1,397,939","1,393,717",0.30%
338,Zurich,Switzerland,"1,395,356","1,383,092",0.89%
339,Allahabad,India,"1,393,723","1,373,594",1.47%
340,Ottawa,Canada,"1,393,086","1,378,151",1.08%
341,Kota,India,"1,386,877","1,342,600",3.30%
342,Gwalior,India,"1,378,375","1,347,582",2.29%
343,Joao Pessoa,Brazil,"1,378,249","1,362,689",1.14%
344,Amritsar,India,"1,377,371","1,355,875",1.59%
345,Basra,Iraq,"1,352,210","1,324,763",2.07%
346,Taizhou Jiangsu,China,"1,348,056","1,314,590",2.55%
347,Copenhagen,Denmark,"1,346,485","1,333,888",0.94%
348,Queretaro,Mexico,"1,339,103","1,313,522",1.95%
349,Taian Shandong,China,"1,338,828","1,314,249",1.87%
350,Adelaide,Australia,"1,336,403","1,328,119",0.62%
351,Homs,Syria,"1,335,804","1,314,355",1.63%
352,Yiwu,China,"1,334,356","1,280,711",4.19%
353,Bucaramanga,Colombia,"1,331,453","1,313,376",1.38%
354,Dhanbad,India,"1,331,186","1,316,066",1.15%
355,Konya,Turkey,"1,328,136","1,299,368",2.21%
356,Maceio,Brazil,"1,323,039","1,308,693",1.10%
357,Taizhong,Taiwan,"1,320,591","1,302,252",1.41%
358,Nouakchott,Mauritania,"1,314,636","1,258,973",4.42%
359,Porto,Portugal,"1,312,947","1,309,805",0.24%
360,Suweon,South Korea,"1,311,321","1,288,887",1.74%
361,Samut Prakan,Thailand,"1,306,937","1,289,380",1.36%
362,Prague,Czech Republic,"1,305,737","1,298,804",0.53%
363,Helsinki,Finland,"1,304,851","1,292,232",0.98%
364,Weihai,China,"1,304,315","1,260,012",3.52%
365,Cochabamba,Bolivia,"1,303,907","1,270,649",2.62%
366,Joinville,Brazil,"1,303,141","1,286,622",1.28%
367,Ho Chi Minh City,Vietnam,"1,300,088","1,259,429",3.23%
368,Mombasa,Kenya,"1,295,975","1,253,811",3.36%
369,Niamey,Niger,"1,291,848","1,251,511",3.22%
370,Qom,Iran,"1,287,937","1,264,584",1.85%
371,Zhanjiang,China,"1,286,854","1,258,677",2.24%
372,Fushun Liaoning,China,"1,285,387","1,285,571",-0.01%
373,Ganzhou,China,"1,285,039","1,221,386",5.21%
374,Sofia,Bulgaria,"1,280,968","1,276,937",0.32%
375,Zunyi,China,"1,280,960","1,248,480",2.60%
376,Dongying,China,"1,276,028","1,240,313",2.88%
377,Mianyang Sichuan,China,"1,275,851","1,251,619",1.94%
378,Kaifeng,China,"1,274,287","1,230,265",3.58%
379,Kazan,Russia,"1,272,063","1,263,412",0.68%
380,Rizhao,China,"1,270,948","1,228,374",3.47%
381,Kisangani,Dr Congo,"1,261,310","1,213,000",3.98%
382,Jiaxing,China,"1,259,844","1,199,747",5.01%
383,Nizhniy Novgorod,Russia,"1,257,754","1,260,885",-0.25%
384,Nanchong,China,"1,257,726","1,215,280",3.49%
385,Bareilly,India,"1,255,287","1,225,034",2.47%
386,Antalya,Turkey,"1,253,872","1,219,140",2.85%
387,Port Elizabeth,South Africa,"1,253,742","1,241,941",0.95%
388,Ad Dammam,Saudi Arabia,"1,252,523","1,225,235",2.23%
389,Ahvaz,Iran,"1,244,250","1,227,916",1.33%
390,Shiyan,China,"1,241,450","1,201,843",3.30%
391,Florianopolis,Brazil,"1,239,331","1,218,478",1.71%
392,Dublin,Ireland,"1,228,179","1,214,666",1.11%
393,Chelyabinsk,Russia,"1,227,795","1,222,108",0.47%
394,Fes,Morocco,"1,224,080","1,203,655",1.70%
395,San Luis Potosi,Mexico,"1,216,564","1,197,894",1.56%
396,Barquisimeto,Venezuela,"1,214,362","1,201,421",1.08%
397,Pointe Noire,Republic Of The Congo,"1,214,281","1,175,513",3.30%
398,Yingkou,China,"1,214,047","1,175,701",3.26%
399,Aligarh,India,"1,210,554","1,176,576",2.89%
400,Mysore,India,"1,209,836","1,185,469",2.06%
401,Durg Bhilainagar,India,"1,207,637","1,191,681",1.34%
402,Pekan Baru,Indonesia,"1,204,883","1,171,388",2.86%
403,Maoming,China,"1,204,716","1,170,342",2.94%
404,Maracay,Venezuela,"1,203,227","1,190,295",1.09%
405,Freetown,Sierra Leone,"1,201,900","1,168,424",2.87%
406,Tanger,Morocco,"1,197,923","1,156,739",3.56%
407,Moradabad,India,"1,197,000","1,161,757",3.03%
408,Liuan,China,"1,195,907","1,129,312",5.90%
409,Tengzhou,China,"1,189,963","1,142,079",4.19%
410,Zhuzhou,China,"1,186,912","1,165,486",1.84%
411,Omsk,Russia,"1,182,339","1,183,262",-0.08%
412,Zhenjiang Jiangsu,China,"1,173,816","1,148,451",2.21%
413,Mendoza,Argentina,"1,172,619","1,153,152",1.69%
414,Suzhou Anhui,China,"1,169,932","1,119,054",4.55%
415,Liuyang,China,"1,169,044","1,094,294",6.83%
416,Ruian,China,"1,168,983","1,128,967",3.54%
417,Chiang Mai,Thailand,"1,166,978","1,151,301",1.36%
418,Astana,Kazakhstan,"1,165,983","1,117,621",4.33%
419,Tripoli,Libya,"1,165,085","1,160,918",0.36%
420,Chifeng,China,"1,164,793","1,134,936",2.63%
421,Tiruchirappalli,India,"1,164,668","1,148,865",1.38%
422,Baoji,China,"1,164,665","1,131,222",2.96%
423,Samara,Russia,"1,163,296","1,166,932",-0.31%
424,Bhubaneswar,India,"1,162,886","1,131,484",2.78%
425,Puning,China,"1,160,045","1,127,512",2.89%
426,Pingdingshan Henan,China,"1,159,981","1,126,438",2.98%
427,Bogor,Indonesia,"1,159,719","1,136,981",2.00%
428,Benxi,China,"1,157,413","1,139,256",1.59%
429,Amsterdam,Netherlands,"1,148,972","1,140,339",0.76%
430,Chandigarh,India,"1,148,472","1,128,743",1.75%
431,Haifa,Israel,"1,147,431","1,140,844",0.58%
432,Jieyang,China,"1,146,758","1,097,660",4.47%
433,Jinzhou,China,"1,145,359","1,122,681",2.02%
434,Xiangtan Hunan,China,"1,142,976","1,115,751",2.44%
435,Nanyang Henan,China,"1,142,799","1,115,205",2.47%
436,Huaibei,China,"1,141,734","1,108,939",2.96%
437,Krasnoyarsk,Russia,"1,137,494","1,124,674",1.14%
438,Ufa,Russia,"1,136,291","1,132,656",0.32%
439,Rostov On Don,Russia,"1,136,201","1,135,196",0.09%
440,Uyo,Nigeria,"1,135,775","1,072,932",5.86%
441,Guilin,China,"1,134,393","1,114,826",1.76%
442,Kigali,Rwanda,"1,132,101","1,094,796",3.41%
443,Islamabad,Pakistan,"1,129,198","1,095,064",3.12%
444,Da Nang,Vietnam,"1,125,316","1,094,576",2.81%
445,Jinhua,China,"1,122,440","1,073,355",4.57%
446,Lilongwe,Malawi,"1,121,720","1,074,695",4.38%
447,Mexicali,Mexico,"1,120,872","1,101,419",1.77%
448,Mwanza,Tanzania,"1,120,430","1,060,743",5.63%
449,Cologne,Germany,"1,118,789","1,107,731",1.00%
450,Guwahati,India,"1,116,740","1,099,613",1.56%
451,Hubli Dharwad,India,"1,116,728","1,097,545",1.75%
452,Kaduna,Nigeria,"1,113,210","1,096,706",1.50%
453,Maputo,Mozambique,"1,110,477","1,104,314",0.56%
454,Aguascalientes,Mexico,"1,106,453","1,088,041",1.69%
455,Salem,India,"1,102,463","1,081,911",1.90%
456,Quetta,Pakistan,"1,099,546","1,070,245",2.74%
457,Bandar Lampung,Indonesia,"1,091,512","1,068,768",2.13%
458,Zaozhuang,China,"1,087,745","1,074,933",1.19%
459,Binzhou,China,"1,083,867","1,042,112",4.01%
460,Yongin,South Korea,"1,083,345","1,061,544",2.05%
461,Aba,Nigeria,"1,081,466","1,051,017",2.90%
462,Xinxiang,China,"1,081,031","1,062,361",1.76%
463,Bukavu,Dr Congo,"1,078,002","1,024,513",5.22%
464,Tbilisi,Georgia,"1,077,833","1,077,346",0.05%
465,Liupanshui,China,"1,077,317","1,021,347",5.48%
466,Cuernavaca,Mexico,"1,075,022","1,059,092",1.50%
467,Perm,Russia,"1,071,419","1,066,952",0.42%
468,Goyang,South Korea,"1,069,196","1,054,325",1.41%
469,Voronezh,Russia,"1,067,719","1,062,031",0.54%
470,Managua,Nicaragua,"1,063,698","1,055,472",0.78%
471,Pizhou,China,"1,063,231","1,010,736",5.19%
472,Cartagena,Colombia,"1,062,622","1,054,694",0.75%
473,Yueqing,China,"1,060,702","1,021,693",3.82%
474,Shimkent,Kazakhstan,"1,057,936","1,020,604",3.66%
475,Tasikmalaya,Indonesia,"1,056,485","999,508",5.70%
476,Abomey Calavi,Benin,"1,056,440","991,000",6.60%
477,Changwon,South Korea,"1,055,974","1,057,734",-0.17%
478,Chihuahua,Mexico,"1,054,766","1,033,378",2.07%
479,Saharanpur,India,"1,054,102","1,012,993",4.06%
480,Jalandhar,India,"1,053,670","1,033,756",1.93%
481,Panjin,China,"1,053,125","1,030,951",2.15%
482,Nnewi,Nigeria,"1,050,860","989,343",6.22%
483,Oslo,Norway,"1,041,377","1,026,758",1.42%
484,Luohe,China,"1,039,941","982,185",5.88%
485,Diyarbakir,Turkey,"1,039,492","1,018,977",2.01%
486,Bishkek,Kyrgyzstan,"1,038,429","1,017,166",2.09%
487,Jingzhou Hubei,China,"1,038,296","1,022,741",1.52%
488,Wenling,China,"1,037,164","1,004,015",3.30%
489,San Jose,United States,"1,036,242","1,030,796",0.26%
490,Fuyang,China,"1,036,162","1,006,913",2.90%
491,Solapur,India,"1,031,037","1,021,948",0.89%
492,Shangrao,China,"1,028,518","1,001,805",2.67%
493,Kermanshah,Iran,"1,025,740","1,004,561",2.11%
494,Toulouse,France,"1,024,166","1,010,593",1.34%
495,Johor Bahru,Malaysia,"1,023,900","1,003,485",2.03%
496,Zhaoqing,China,"1,023,777","996,546",2.73%
497,Teresina,Brazil,"1,021,229","1,011,029",1.01%
498,Siliguri,India,"1,020,303","983,606",3.73%
499,Ma Anshan,China,"1,019,389","986,525",3.33%
500,Austin,United States,"1,018,842","983,366",1.77%
501,Mersin,Turkey,"1,016,019","997,131",1.89%
502,Bien Hoa,Vietnam,"1,013,064","980,581",3.31%
503,Bujumbura,Burundi,"1,012,996","954,424",6.14%
504,Kirkuk,Iraq,"1,012,614","996,040",1.66%
505,Samarinda,Indonesia,"1,010,413","979,359",3.17%
506,Rotterdam,Netherlands,"1,010,026","1,008,667",0.13%
507,Yueyang,China,"1,009,534","999,033",1.05%
508,Aracaju,Brazil,"1,009,380","991,254",1.83%
509,Odesa,Ukraine,"1,009,289","1,010,293",-0.10%
510,Volgograd,Russia,"1,004,688","1,009,238",-0.45%
511,Marrakech,Morocco,"1,002,709","988,968",1.39%
512,Tampico,Mexico,"1,001,278","986,228",1.53%
513,Bazhong,China,"991,820","924,575",7.27%
514,Fuzhou Jiangxi,China,"989,880","950,130",4.18%
515,Hargeysa,Somalia,"988,716","945,908",4.53%
516,Huzhou,China,"988,351","960,993",2.85%
517,Leshan,China,"986,923","951,055",3.77%
518,Denpasar,Indonesia,"986,853","965,359",2.23%
519,Dezhou,China,"986,192","952,704",3.52%
520,San Miguel De Tucuman,Argentina,"985,656","971,050",1.50%
521,Saltillo,Mexico,"983,784","966,802",1.76%
522,Valparaiso,Chile,"983,751","975,179",0.88%
523,Aden,Yemen,"980,455","950,374",3.17%
524,Padang,Indonesia,"980,455","964,358",1.67%
525,Cebu City,Philippines,"980,070","967,436",1.31%
526,Acapulco De Juarez,Mexico,"979,381","966,958",1.28%
527,Kayseri,Turkey,"973,506","960,262",1.38%
528,Bobo Dioulasso,Burkina Faso,"972,124","924,370",5.17%
529,Xiongan,China,"969,535","892,142",8.67%
530,Bordeaux,France,"968,993","957,383",1.21%
531,Xuchang,China,"968,135","934,073",3.65%
532,Songkhla,Thailand,"966,597","953,612",1.36%
533,Asmara,Eritrea,"962,985","928,758",3.69%
534,Nonthaburi,Thailand,"962,694","949,762",1.36%
535,Chenzhou,China,"959,881","914,372",4.98%
536,Warangal,India,"959,658","936,510",2.47%
537,Dnipro,Ukraine,"957,345","963,113",-0.60%
538,Krasnodar,Russia,"957,214","938,135",2.03%
539,Khulna,Bangladesh,"953,745","962,845",-0.95%
540,Ilorin,Nigeria,"949,866","928,632",2.29%
541,Jixi Heilongjiang,China,"949,646","936,975",1.35%
542,Morelia,Mexico,"948,793","936,074",1.36%
543,Sekondi Takoradi,Ghana,"945,519","900,040",5.05%
544,Seongnam,South Korea,"943,768","945,746",-0.21%
545,Qujing,China,"942,342","907,828",3.80%
546,Nice,France,"942,208","941,800",0.04%
547,Changshu,China,"938,683","894,600",4.93%
548,Ikorodu,Nigeria,"937,615","887,220",5.68%
549,Xintai,China,"936,382","905,520",3.41%
550,Jacksonville,United States,"934,439","907,529",1.46%
551,Fort Worth,United States,"933,881","893,997",2.18%
552,Cucuta,Colombia,"933,380","923,047",1.12%
553,Blantyre Limbe,Malawi,"932,263","904,758",3.04%
554,Jerusalem,Israel,"931,756","919,407",1.34%
555,Pingxiang Jiangxi,China,"928,895","904,694",2.68%
556,Southampton,United Kingdom,"927,916","919,843",0.88%
557,Mudanjiang,China,"925,522","910,032",1.70%
558,Agadir,Morocco,"923,552","905,649",1.98%
559,Arequipa,Peru,"922,999","911,311",1.28%
560,Nyala,Sudan,"922,532","878,037",5.07%
561,Hamah,Syria,"921,502","906,705",1.63%
562,Tshikapa,Dr Congo,"919,192","869,060",5.77%
563,Dehradun,India,"918,946","894,925",2.68%
564,Veracruz,Mexico,"918,529","907,066",1.26%
565,Yichun Jiangxi,China,"918,051","859,349",6.83%
566,Ciudad Guayana,Venezuela,"917,700","900,874",1.87%
567,Zamboanga City,Philippines,"917,477","905,281",1.35%
568,Dushanbe,Tajikistan,"915,712","893,826",2.45%
569,Pathum Thani,Thailand,"913,741","901,466",1.36%
570,Jiujiang,China,"913,212","889,447",2.67%
571,Ulsan,South Korea,"910,330","910,162",0.02%
572,Laiwu,China,"907,839","880,451",3.11%
573,Rajshahi,Bangladesh,"907,732","893,214",1.63%
574,San Francisco,United States,"906,419","888,653",0.99%
575,Donetsk,Ukraine,"905,530","911,981",-0.71%
576,Charlotte,United States,"904,675","873,363",1.76%
577,San Pedro Sula,Honduras,"902,751","876,445",3.00%
578,Bengbu,China,"901,773","889,163",1.42%
579,Liverpool,United Kingdom,"901,708","897,218",0.50%
580,Columbus,United States,"900,274","880,182",1.13%
581,Oran,Algeria,"899,182","889,644",1.07%
582,Reynosa,Mexico,"899,084","880,902",2.06%
583,Villahermosa,Mexico,"898,461","883,336",1.71%
584,West Rand,South Africa,"897,609","886,343",1.27%
585,Campo Grande,Brazil,"896,864","886,361",1.18%
586,Jos,Nigeria,"895,288","875,746",2.23%
587,Bergamo,Italy,"892,089","883,295",1.00%
588,Zhucheng,China,"891,494","855,579",4.20%
589,Guigang,China,"891,173","864,577",3.08%
590,Guiping,China,"891,158","843,956",5.59%
591,Yangjiang,China,"890,013","867,562",2.59%
592,Bangui,Central African Republic,"889,231","869,599",2.26%
593,Malang,Indonesia,"886,620","878,589",0.91%
594,Londrina,Brazil,"885,516","871,682",1.59%
595,La Plata,Argentina,"884,054","873,918",1.16%
596,Misratah,Libya,"881,319","841,267",4.76%
597,Antipolo,Philippines,"881,018","859,070",2.55%
598,Concepcion,Chile,"880,722","869,186",1.33%
599,Chengde,China,"880,494","839,566",4.87%
600,Dandong,China,"877,258","865,354",1.38%
601,Najaf,Iraq,"873,744","846,750",3.19%
602,Owerri,Nigeria,"872,604","838,554",4.06%
603,Zhangzhou,China,"871,690","841,966",3.53%
604,Tianmen,China,"869,837","840,064",3.54%
605,Hermosillo,Mexico,"867,885","851,738",1.90%
606,Indianapolis,United States,"866,640","860,902",0.33%
607,Trujillo,Peru,"864,633","851,312",1.56%
608,Bhiwandi,India,"859,435","845,711",1.62%
609,Linfen,China,"858,103","824,417",4.09%
610,Xinyu,China,"857,567","823,491",4.14%
611,Deyang,China,"857,306","828,305",3.50%
612,Hengshui,China,"856,705","820,969",4.35%
613,Warri,Nigeria,"855,941","814,063",5.14%
614,Liaoyang,China,"855,663","841,780",1.65%
615,Guntur,India,"854,488","833,782",2.48%
616,Soshanguve,South Africa,"853,347","840,932",1.48%
617,Sylhet,Bangladesh,"851,808","813,538",4.70%
618,Palermo,Italy,"851,146","852,454",-0.15%
619,Leiyang,China,"851,071","804,564",5.78%
620,Tainan,Taiwan,"849,996","843,219",0.80%
621,Nampula,Mozambique,"848,096","810,633",4.62%
622,Tuxtla Gutierrez,Mexico,"847,924","830,603",2.09%
623,Erbil,Iraq,"846,374","833,237",1.58%
624,Changzhi,China,"846,365","824,378",2.67%
625,Ashgabat,Turkmenistan,"846,255","828,065",2.20%
626,Taiz,Yemen,"845,154","815,303",3.66%
627,Bahawalpur,Pakistan,"844,673","820,047",3.00%
628,Jiangyin,China,"843,292","810,972",3.99%
629,Tyumen,Russia,"843,196","817,265",3.17%
630,Saratov,Russia,"842,680","844,777",-0.25%
631,Birmingham,United States,"842,065","835,352",0.80%
632,Fuxin,China,"839,189","828,643",1.27%
633,Culiacan,Mexico,"839,054","821,781",2.10%
634,Hufuf Mubarraz,Saudi Arabia,"836,727","825,074",1.41%
635,Puducherry,India,"836,003","815,939",2.46%
636,Libreville,Gabon,"834,204","823,870",1.25%
637,Valencia,Spain,"833,724","831,815",0.23%
638,Bucheon,South Korea,"832,093","835,259",-0.38%
639,Xingtai,China,"831,175","812,888",2.25%
640,Changde,China,"830,010","806,331",2.94%
641,Huangshi,China,"828,324","812,772",1.91%
642,Lubango,Angola,"828,248","786,713",5.28%
643,Shangqiu,China,"826,598","802,826",2.96%
644,Quebec City,Canada,"826,109","820,752",0.65%
645,Banghazi,Libya,"823,974","811,293",1.56%
646,Luzhou,China,"822,996","813,315",1.19%
647,Baishan,China,"821,967","783,588",4.90%
648,Firozabad,India,"821,043","796,264",3.11%
649,Winnipeg,Canada,"816,593","808,419",1.01%
650,Yibin,China,"814,166","797,639",2.07%
651,Ipoh,Malaysia,"813,553","799,785",1.72%
652,Liling,China,"812,975","767,636",5.91%
653,Thessaloniki,Greece,"812,166","811,435",0.09%
654,Newcastle Upon Tyne,United Kingdom,"809,481","805,364",0.51%
655,Bologna,Italy,"805,986","802,849",0.39%
656,Niigata,Japan,"804,298","806,723",-0.30%
657,Xinyang,China,"797,369","777,817",2.51%
658,Heze,China,"795,246","786,745",1.08%
659,Yangquan,China,"794,262","774,880",2.50%
660,Barcelona Puerto La Cruz,Venezuela,"793,641","782,636",1.41%
661,Orumiyeh,Iran,"793,044","777,790",1.96%
662,Xinghua,China,"791,297","766,483",3.24%
663,Seattle,United States,"787,740","746,046",2.72%
664,Nottingham,United Kingdom,"787,610","781,151",0.83%
665,Maiduguri,Nigeria,"786,485","772,394",1.82%
666,Sorocaba,Brazil,"785,997","776,054",1.28%
667,Izmir,Turkey,"783,669","765,242",2.41%
668,Haicheng,China,"783,484","772,266",1.45%
669,Xiaogan,China,"783,483","760,482",3.02%
670,Yongzhou,China,"781,940","753,931",3.72%
671,Cabinda,Angola,"777,697","736,984",5.52%
672,Zhuji,China,"777,536","758,115",2.56%
673,Frankfurt,Germany,"777,156","768,616",1.11%
674,Xalapa,Mexico,"775,620","764,044",1.52%
675,Huludao,China,"775,322","760,634",1.93%
676,Bogra,Bangladesh,"775,034","729,609",6.23%
677,Vereeniging,South Africa,"774,031","769,425",0.60%
678,Nakhon Ratchasima,Thailand,"774,022","764,883",1.19%
679,Umuahia,Nigeria,"773,822","731,563",5.78%
680,Enugu,Nigeria,"772,872","752,323",2.73%
681,Bikaner,India,"771,878","757,726",1.87%
682,Jiaozuo,China,"766,770","758,858",1.04%
683,Hamilton,Canada,"766,688","762,808",0.51%
684,Tianshui,China,"765,372","739,871",3.45%
685,Cherthala,India,"764,135","726,232",5.22%
686,Kuerle,China,"761,329","719,603",5.80%
687,Shaoguan,China,"761,249","756,232",0.66%
688,Liaocheng,China,"760,885","743,338",2.36%
689,Ansan,South Korea,"760,764","758,858",0.25%
690,Gorakhpur,India,"758,214","751,024",0.96%
691,Quzhou,China,"757,655","716,061",5.81%
692,Cagayan De Oro City,Philippines,"753,138","736,874",2.21%
693,Amravati,India,"752,189","740,529",1.57%
694,Huaihua,China,"751,803","718,467",4.64%
695,Nellore,India,"751,034","729,107",3.01%
696,Taixing,China,"747,588","725,320",3.07%
697,Dasmarinas,Philippines,"747,208","728,707",2.54%
698,Denver,United States,"745,172","719,116",1.78%
699,Gebze,Turkey,"744,674","718,680",3.62%
700,Kumamoto,Japan,"742,612","743,559",-0.13%
701,Bozhou,China,"742,150","710,320",4.48%
702,Cuttack,India,"742,011","733,202",1.20%
703,Langfang,China,"739,632","715,581",3.36%
704,Sulaimaniya,Iraq,"739,182","720,411",2.61%
705,Ar Rayyan,Qatar,"737,903","715,997",3.06%
706,Kunshan,China,"737,654","705,508",4.56%
707,Zigong,China,"737,291","728,743",1.17%
708,Bur Sa'id,Egypt,"737,000","723,998",1.80%
709,Zaporizhzhya,Ukraine,"736,167","740,538",-0.59%
710,Qingyuan,China,"734,856","725,803",1.25%
711,Jincheng,China,"733,879","703,498",4.32%
712,Banjarmasin,Indonesia,"732,005","720,307",1.62%
713,Zaragoza,Spain,"730,828","727,371",0.48%
714,Sheffield,United Kingdom,"730,158","725,062",0.70%
715,Zarqa,Jordan,"729,220","719,720",1.32%
716,Anqing,China,"726,950","709,177",2.51%
717,Zaria,Nigeria,"726,172","719,012",1.00%
718,Belgaum,India,"724,747","712,055",1.78%
719,Okayama,Japan,"724,696","724,948",-0.03%
720,Washington,United States,"724,342","702,756",1.51%
721,Lviv,Ukraine,"723,758","725,202",-0.20%
722,Meishan,China,"723,267","697,042",3.76%
723,Sao Jose Dos Campos,Brazil,"721,795","711,673",1.42%
724,Danyang,China,"718,649","693,349",3.65%
725,Cheongju,South Korea,"717,027","713,273",0.53%
726,Muzaffarnagar,India,"716,748","690,953",3.73%
727,Gaomi,China,"716,261","686,786",4.29%
728,Zhumadian,China,"716,002","683,882",4.70%
729,Jiamusi,China,"715,965","705,995",1.41%
730,Malegaon,India,"715,605","700,095",2.22%
731,Hanchuan,China,"715,218","686,163",4.23%
732,Benguela,Angola,"715,130","686,121",4.23%
733,Xianyang Shaanxi,China,"715,007","707,306",1.09%
734,Ribeirao Preto,Brazil,"714,111","703,710",1.48%
735,Oshogbo,Nigeria,"713,677","698,844",2.12%
736,Gaza,Palestine,"713,621","693,323",2.93%
737,Shaoyang,China,"713,559","697,769",2.26%
738,Mangalore,India,"713,357","703,413",1.41%
739,Rasht,Iran,"712,715","703,698",1.28%
740,Linhai,China,"708,981","685,239",3.46%
741,Buffalo City,South Africa,"708,559","700,466",1.16%
742,Florence,Italy,"708,357","707,728",0.09%
743,Panzhihua,China,"707,134","698,149",1.29%
744,Erduosi Ordoss,China,"706,657","682,677",3.51%
745,Sialkot,Pakistan,"705,121","690,447",2.13%
746,Zanzibar,Tanzania,"705,078","676,814",4.18%
747,Oaxaca De Juarez,Mexico,"704,559","694,297",1.48%
748,Seville,Spain,"703,790","705,325",-0.22%
749,Tongliao,China,"702,280","683,849",2.70%
750,Jammu,India,"702,085","696,856",0.75%
751,Boston,United States,"701,984","687,584",1.04%
752,El Paso,United States,"701,120","692,100",0.65%
753,Bhavnagar,India,"700,367","689,884",1.52%
754,Tolyatti,Russia,"700,252","704,137",-0.55%
755,Sargodha,Pakistan,"700,095","688,086",1.75%
756,Suining Sichuan,China,"699,679","682,654",2.49%
757,Gold Coast,Australia,"699,226","687,460",1.71%
758,The Hague,Netherlands,"697,564","691,389",0.89%
759,Tongling,China,"696,639","677,201",2.87%
760,Wuzhou,China,"696,630","677,691",2.79%
761,Kottayam,India,"696,061","652,053",6.75%
762,Yulin Shaanxi,China,"695,614","685,262",1.51%
763,Yanji,China,"695,165","673,380",3.24%
764,Kayamkulam,India,"694,892","662,470",4.89%
765,Maturin,Venezuela,"694,716","670,377",3.63%
766,Lokoja,Nigeria,"692,050","643,407",7.56%
767,Longyan,China,"691,987","680,986",1.62%
768,Cotonou,Benin,"691,949","687,732",0.61%
769,Nanded Waghala,India,"689,771","674,189",2.31%
770,Taif,Saudi Arabia,"688,693","682,959",0.84%
771,Uberlandia,Brazil,"686,896","677,984",1.31%
772,Bacoor,Philippines,"686,398","668,419",2.69%
773,Bristol,United Kingdom,"686,210","678,612",1.12%
774,Kitwe,Zambia,"685,908","663,455",3.38%
775,Nashville Davidson,United States,"685,628","673,008",0.93%
776,Zagreb,Croatia,"684,878","685,233",-0.05%
777,Salta,Argentina,"684,751","672,335",1.85%
778,Padova,Italy,"683,604","679,147",0.66%
779,Vientiane,Laos,"682,542","673,061",1.41%
780,Dazhou,China,"682,342","658,956",3.55%
781,Anqiu,China,"682,299","642,202",6.24%
782,Balikpapan,Indonesia,"682,065","668,550",2.02%
783,Celaya,Mexico,"680,971","672,501",1.26%
784,Cheonan,South Korea,"679,802","670,256",1.42%
785,Genoa,Italy,"679,613","682,507",-0.42%
786,Tirupati,India,"679,456","653,940",3.90%
787,Bunia,Dr Congo,"679,418","636,625",6.72%
788,Yuyao,China,"678,841","662,003",2.54%
789,Yan An,China,"678,619","646,393",4.99%
790,Jundiai,Brazil,"678,521","668,381",1.52%
791,Nantes,France,"677,766","669,843",1.18%
792,Liege,Belgium,"677,589","675,403",0.32%
793,Dongtai,China,"676,996","655,472",3.28%
794,Portland,United States,"676,831","658,347",1.38%
795,Lodz,Poland,"676,830","682,458",-0.82%
796,Durgapur,India,"675,384","664,915",1.57%
797,Yuncheng,China,"675,082","646,283",4.46%
798,Las Vegas,United States,"674,768","653,840",1.58%
799,Dengzhou,China,"673,626","642,552",4.84%
800,Gulbarga,India,"673,027","658,535",2.20%
801,Huambo,Angola,"671,413","656,977",2.20%
802,Oklahoma City,United States,"669,363","653,865",1.17%
803,Al Hudaydah,Yemen,"668,899","649,129",3.05%
804,Buraydah,Saudi Arabia,"668,775","652,396",2.51%
805,Ezhou,China,"668,405","661,038",1.11%
806,Pontianak,Indonesia,"667,910","655,595",1.88%
807,Merca,Somalia,"666,370","637,357",4.55%
808,Mar Del Plata,Argentina,"665,707","659,410",0.95%
809,Akure,Nigeria,"665,524","641,733",3.71%
810,Kurnool,India,"665,186","644,449",3.22%
811,Malanje,Angola,"665,150","626,862",6.11%
812,Jeonju,South Korea,"663,145","662,870",0.04%
813,Yuxi,China,"662,863","631,110",5.03%
814,Detroit,United States,"658,631","665,713",-0.53%
815,Tabuk,Saudi Arabia,"657,277","647,410",1.52%
816,Zhangjiagang,China,"656,036","627,897",4.48%
817,Lattakia,Syria,"655,714","645,186",1.63%
818,Amara,Iraq,"655,663","631,442",3.84%
819,Taicang,China,"654,441","628,692",4.10%
820,Busto Arsizio,Italy,"654,258","650,530",0.57%
821,General Santos City,Philippines,"652,723","640,361",1.93%
822,Macao,Macau,"651,875","642,090",1.52%
823,Izhevsk,Russia,"651,338","651,079",0.04%
824,Zhoukou,China,"650,060","628,346",3.46%
825,Ibb,Yemen,"648,889","607,531",6.81%
826,Zhoushan,China,"647,419","635,411",1.89%
827,Neijiang,China,"645,874","638,674",1.13%
828,Memphis,United States,"645,769","649,243",-0.27%
829,Denizli,Turkey,"644,782","628,432",2.60%
830,Jamnagar,India,"644,738","639,662",0.79%
831,Qinzhou,China,"644,359","626,663",2.82%
832,Jhansi,India,"642,709","632,166",1.67%
833,Samsun,Turkey,"642,592","623,644",3.04%
834,Chongjin,North Korea,"642,447","639,743",0.42%
835,Tamale,Ghana,"641,911","611,806",4.92%
836,Wroclaw,Poland,"641,401","640,585",0.13%
837,Doha,Qatar,"641,380","637,347",0.63%
838,Sokoto,Nigeria,"641,249","621,694",3.15%
839,Renqiu,China,"640,271","615,759",3.98%
840,Barnaul,Russia,"639,783","639,126",0.10%
841,Loudi,China,"639,167","614,015",4.10%
842,Hegang,China,"638,855","633,811",0.80%
843,Irkutsk,Russia,"638,843","635,870",0.47%
844,As Suways,Egypt,"638,229","627,455",1.72%
845,Bulawayo,Zimbabwe,"638,188","638,467",-0.04%
846,Bijie,China,"637,795","612,321",4.16%
847,Be'er Sheva,Israel,"637,539","631,052",1.03%
848,Chiclayo,Peru,"637,255","629,260",1.27%
849,Venice,Italy,"637,245","636,244",0.16%
850,Ankang,China,"636,293","605,136",5.15%
851,Erode,India,"634,977","622,398",2.02%
852,Manama,Bahrain,"634,508","600,433",5.68%
853,Goma,Dr Congo,"634,197","599,208",5.84%
854,Bokaro Steel City,India,"633,551","625,824",1.23%
855,Pachuca De Soto,Mexico,"633,453","620,630",2.07%
856,Khabarovsk,Russia,"633,151","629,682",0.55%
857,Stuttgart,Germany,"632,692","631,453",0.20%
858,Puyang,China,"632,347","610,020",3.66%
859,Dusseldorf,Germany,"631,942","628,459",0.55%
860,Longhai,China,"631,203","606,799",4.02%
861,Durango,Mexico,"630,982","619,119",1.92%
862,Riga,Latvia,"630,692","633,820",-0.49%
863,Belfast,United Kingdom,"630,632","626,760",0.62%
864,Wuhai,China,"630,295","615,806",2.35%
865,Safaqis,Tunisia,"630,175","624,146",0.97%
866,Verona,Italy,"629,658","625,890",0.60%
867,Tongxiang,China,"629,527","602,260",4.53%
868,Jambi,Indonesia,"626,192","615,859",1.68%
869,Haimen,China,"626,067","606,263",3.27%
870,Hezhou,China,"625,304","595,675",4.97%
871,Sanya,China,"625,290","605,586",3.25%
872,Ulyanovsk,Russia,"624,896","625,837",-0.15%
873,Raurkela,India,"622,636","614,790",1.28%
874,Bari,Italy,"622,377","622,287",0.01%
875,Louisville/jefferson County Balance,United States,"622,313","619,287",0.24%
876,Seregno,Italy,"619,871","614,571",0.86%
877,Kolhapur,India,"619,358","612,880",1.06%
878,Kryvyi Rih,Ukraine,"618,706","623,894",-0.83%
879,Nasiriyah,Iraq,"616,994","600,113",2.81%
880,Yulin Guangxi,China,"613,668","605,882",1.29%
881,Ajmer,India,"613,617","606,616",1.15%
882,Bacolod,Philippines,"613,437","602,459",1.82%
883,Yaroslavl,Russia,"612,365","612,247",0.02%
884,Kuching,Malaysia,"611,566","602,427",1.52%
885,Al Ain,United Arab Emirates,"610,887","598,368",2.09%
886,Zahedan,Iran,"609,873","603,634",1.03%
887,Vladivostok,Russia,"609,754","609,930",-0.03%
888,San Jose Del Monte,Philippines,"607,692","600,251",1.24%
889,Ujjain,India,"607,055","596,869",1.71%
890,Brighton,United Kingdom,"606,909","601,574",0.89%
891,Bandar Abbas,Iran,"606,633","585,287",3.65%
892,Jubayl,Saudi Arabia,"605,743","579,260",4.57%
893,Herat,Afghanistan,"605,575","575,806",5.17%
894,Hanzhong,China,"605,327","592,759",2.12%
895,Miluo,China,"604,159","568,421",6.29%
896,Hillah,Iraq,"604,149","594,261",1.66%
897,Feira De Santana,Brazil,"602,128","593,981",1.37%
898,Anshun,China,"600,121","580,847",3.32%
899,Bilaspur,India,"599,812","583,279",2.83%
900,Makhachkala,Russia,"599,792","598,979",0.14%
901,Bissau,Guinea Bissau,"599,714","578,829",3.61%
902,Jinzhong,China,"599,611","581,798",3.06%
903,Patiala,India,"599,186","581,771",2.99%
904,Yichun Heilongjiang,China,"598,465","605,399",-1.15%
905,Bauchi,Nigeria,"597,679","575,617",3.83%
906,Tlaxcala,Mexico,"596,362","586,129",1.75%
907,Tomsk,Russia,"595,642","590,480",0.87%
908,Siping,China,"594,482","584,669",1.68%
909,Nay Pyi Taw,Myanmar,"593,596","546,487",8.62%
910,Sihui,China,"591,080","562,577",5.07%
911,Leipzig,Germany,"591,052","585,246",0.99%
912,Kagoshima,Japan,"591,042","593,758",-0.46%
913,Kingston,Jamaica,"590,940","589,849",0.18%
914,Sanliurfa,Turkey,"590,522","584,693",1.00%
915,Malaga,Spain,"590,032","588,778",0.21%
916,Uvira,Dr Congo,"589,731","557,567",5.77%
917,Dortmund,Germany,"589,600","589,457",0.02%
918,Comilla,Bangladesh,"588,772","568,563",3.55%
919,Cuiaba,Brazil,"588,566","585,825",0.47%
920,Xiantao,China,"588,540","583,836",0.81%
921,Mathura,India,"588,334","573,517",2.58%
922,Baltimore,United States,"587,712","601,188",-1.13%
923,Enshi,China,"586,667","553,318",6.03%
924,Ibague,Colombia,"586,187","581,760",0.76%
925,Catania,Italy,"585,877","585,825",0.01%
926,Shishi,China,"585,317","572,218",2.29%
927,Fuqing,China,"584,631","571,706",2.26%
928,Sangli,India,"583,629","575,879",1.35%
929,Essen,Germany,"582,128","582,777",-0.11%
930,Pereira,Colombia,"579,620","579,577",0.01%
931,Calabar,Nigeria,"579,273","554,887",4.39%
932,Toulon,France,"579,095","577,180",0.33%
933,Qitaihe,China,"578,992","570,264",1.53%
934,Samarkand,Uzbekistan,"578,762","565,832",2.29%
935,Daye,China,"578,374","563,779",2.59%
936,Samut Sakhon,Thailand,"578,273","570,504",1.36%
937,Cabimas,Venezuela,"578,222","567,757",1.84%
938,Hamadan,Iran,"577,808","571,287",1.14%
939,Milwaukee,United States,"577,583","586,315",-0.75%
940,Jingjiang,China,"577,513","555,332",3.99%
941,Sanhe,China,"576,241","547,190",5.31%
942,Djibouti,Djibouti,"576,157","568,804",1.29%
943,Xinmi,China,"575,696","549,770",4.72%
944,Imphal,India,"575,625","557,632",3.23%
945,Juiz De Fora,Brazil,"575,481","569,996",0.96%
946,Agartala,India,"575,073","554,700",3.67%
947,Tonghua,China,"572,967","562,008",1.95%
948,Abakaliki,Nigeria,"572,028","543,058",5.33%
949,Bouake,Ivory Coast,"571,876","564,745",1.26%
950,Udon Thani,Thailand,"570,115","563,600",1.16%
951,Beira,Mozambique,"569,911","556,499",2.41%
952,Udaipur,India,"569,224","558,710",1.88%
953,Vellore,India,"569,048","559,693",1.67%
954,Orenburg,Russia,"568,812","568,599",0.04%
955,Anyang,South Korea,"567,945","571,888",-0.69%
956,Ardabil,Iran,"567,912","557,544",1.86%
957,Likasi,Dr Congo,"567,839","551,540",2.96%
958,Bloemfontein,South Africa,"567,029","556,450",1.90%
959,Albuquerque,United States,"566,593","562,935",0.32%
960,Dongyang,China,"566,083","553,572",2.26%
961,Mbeya,Tanzania,"566,065","540,637",4.70%
962,Hebi,China,"565,986","555,886",1.82%
963,Kemerovo,Russia,"565,759","564,347",0.25%
964,Tirunelveli,India,"565,735","558,182",1.35%
965,Cenxi,China,"565,509","537,757",5.16%
966,Yazd,Iran,"565,449","555,793",1.74%
967,Bremen,Germany,"565,354","564,270",0.19%
968,Gaya,India,"565,253","555,350",1.78%
969,Poza Rica De Hidalgo,Mexico,"564,578","558,965",1.00%
970,Jalgaon,India,"564,540","552,922",2.10%
971,Shuozhou,China,"563,456","542,198",3.92%
972,Santa Fe,Argentina,"562,917","555,753",1.29%
973,Matamoros,Mexico,"562,755","554,922",1.41%
974,Kitchener,Canada,"562,466","553,973",1.53%
975,Zaoyang,China,"562,379","548,745",2.48%
976,Sanmenxia,China,"561,369","543,195",3.35%
977,Cangzhou,China,"560,962","553,694",1.31%
978,Thoothukkudi,India,"560,930","543,853",3.14%
979,Basel,Switzerland,"559,027","555,469",0.64%
980,Yiyang Hunan,China,"558,615","540,947",3.27%
981,Oujda,Morocco,"558,524","546,962",2.11%
982,Gomel,Belarus,"557,589","552,354",0.95%
983,Irbid,Jordan,"556,899","553,576",0.60%
984,Al Mansurah,Egypt,"555,621","546,574",1.66%
985,Karbala,Iraq,"555,073","545,987",1.66%
986,Meknes,Morocco,"553,755","547,396",1.16%
987,Weinan,China,"553,302","542,115",2.06%
988,Leicester,United Kingdom,"552,178","547,352",0.88%
989,Jiaozhou,China,"551,500","534,608",3.16%
990,Ogbomosho,Nigeria,"551,474","527,194",4.61%
991,Feicheng,China,"551,319","542,285",1.67%
992,Arak,Iran,"551,006","542,824",1.51%
993,Novokuznetsk,Russia,"550,575","551,987",-0.26%
994,Zhaodong,China,"550,240","527,598",4.29%
995,Chiang Rai,Thailand,"549,966","542,578",1.36%
996,Kota Kinabalu,Malaysia,"549,586","536,285",2.48%
997,Hamhung,North Korea,"548,992","553,224",-0.76%
998,Panipat,India,"547,952","536,422",2.15%
999,Khamis Mushayt,Saudi Arabia,"547,724","539,906",1.45%
1000,Kahramanmaras,Turkey,"546,688","533,434",2.48%
1001,Tongchuan,China,"546,649","537,167",1.77%
1002,Tepic,Mexico,"545,941","533,572",2.32%
1003,Utrecht,Netherlands,"544,389","536,473",1.48%
1004,Shouguang,China,"544,207","536,303",1.47%
1005,Port Of Spain,Trinidad And Tobago,"544,207","544,259",-0.01%
1006,Villavicencio,Colombia,"544,115","534,290",1.84%
1007,Rajahmundry,India,"543,729","536,298",1.39%
1008,Ndola,Zambia,"542,495","531,047",2.16%
1009,Kerman,Iran,"541,485","539,893",0.29%
1010,Dengfeng,China,"540,789","509,717",6.10%
1011,Ryazan,Russia,"540,317","540,502",-0.03%
1012,Tucson,United States,"539,766","535,236",0.42%
1013,Sakarya,Turkey,"539,445","524,986",2.75%
1014,Guangyuan,China,"539,179","520,905",3.51%
1015,Chaoyang,China,"539,052","531,831",1.36%
1016,Rayong,Thailand,"538,150","530,921",1.36%
1017,Gaozhou,China,"537,329","512,852",4.77%
1018,Hannover,Germany,"536,976","536,498",0.09%
1019,Edinburgh,United Kingdom,"536,775","530,741",1.14%
1020,Fresno,United States,"536,253","529,153",0.67%
1021,Cuito,Angola,"535,407","501,936",6.67%
1022,Astrakhan,Russia,"534,947","535,191",-0.05%
1023,Naberezhnye Tchelny,Russia,"534,726","534,307",0.08%
1024,Sukkur,Pakistan,"534,486","524,179",1.97%
1025,Larkana,Pakistan,"534,288","519,899",2.77%
1026,Valledupar,Colombia,"533,453","518,190",2.95%
1027,Bamenda,Cameroon,"533,257","513,820",3.78%
1028,Basilan City,Philippines,"533,135","517,687",2.98%
1029,Abeokuta,Nigeria,"532,856","523,653",1.76%
1030,Mazar E Sharif,Afghanistan,"532,689","501,665",6.18%
1031,Poznan,Poland,"531,030","533,731",-0.51%
1032,Namangan,Uzbekistan,"528,763","521,090",1.47%
1033,Imus,Philippines,"527,779","501,303",5.28%
1034,Grenoble,France,"527,720","524,853",0.55%
1035,Haining,China,"527,655","512,822",2.89%
1036,Santa Marta,Colombia,"527,326","520,650",1.28%
1037,Surakarta,Indonesia,"527,279","523,581",0.71%
1038,Pietermaritzburg,South Africa,"526,912","521,419",1.05%
1039,Yongkang,China,"526,069","508,796",3.39%
1040,Pingdu,China,"525,093","514,025",2.15%
1041,Taishan,China,"524,937","510,086",2.91%
1042,Calamba,Philippines,"524,577","509,898",2.88%
1043,Mekele,Ethiopia,"523,914","505,485",3.65%
1044,Heyuan,China,"523,818","515,422",1.63%
1045,Ar Rusayfah,Jordan,"523,543","520,419",0.60%
1046,Penza,Russia,"523,092","524,131",-0.20%
1047,Utsunomiya,Japan,"522,100","522,331",-0.04%
1048,Chuzhou,China,"522,062","507,265",2.92%
1049,Vale Do Aco,Brazil,"521,744","517,889",0.74%
1050,Al Raqqa,Syria,"521,537","513,163",1.63%
1051,Bellary,India,"520,926","508,535",2.44%
1052,Longkou,China,"520,568","505,504",2.98%
1053,Qingzhou,China,"520,371","504,795",3.09%
1054,Sacramento,United States,"519,362","507,298",1.18%
1055,Kalasin,Thailand,"517,635","510,681",1.36%
1056,Al Mahallah Al Kubra,Egypt,"517,549","511,770",1.13%
1057,Sheikhupura,Pakistan,"517,342","504,174",2.61%
1058,Cuautla Morelos,Mexico,"516,755","508,021",1.72%
1059,Puerto Vallarta,Mexico,"515,909","501,280",2.92%
1060,Duisburg,Germany,"515,076","510,611",0.87%
1061,Balashikha,Russia,"514,662","497,762",3.40%
1062,Dali,China,"514,610","497,598",3.42%
1063,Shizuishan,China,"514,455","501,894",2.50%
1064,Kakinada,India,"514,227","506,331",1.56%
1065,Ambon,Indonesia,"513,457","492,880",4.17%
1066,Diwaniyah,Iraq,"513,369","493,968",3.93%
1067,Songyuan,China,"513,231","507,408",1.15%
1068,Kirov,Russia,"513,003","510,777",0.44%
1069,Nurenberg,Germany,"511,941","512,022",-0.02%
1070,Davanagere,India,"511,843","503,318",1.69%
1071,Qianjiang,China,"511,738","503,238",1.69%
1072,Gongyi,China,"511,410","494,683",3.38%
1073,Van,Turkey,"511,391","494,442",3.43%
1074,Shangyu,China,"510,813","497,234",2.73%
1075,Atlanta,United States,"510,730","491,626",1.91%
1076,Uige,Angola,"510,631","475,198",7.46%
1077,Porto Velho,Brazil,"510,419","498,873",2.31%
1078,Changning,China,"510,275","489,328",4.28%
1079,Mesa,United States,"509,963","497,275",1.26%
1080,Matsuyama,Japan,"509,958","511,745",-0.35%
1081,Angeles City,Philippines,"509,765","489,068",4.23%
1082,Rustenburg,South Africa,"509,368","485,087",5.01%
1083,Gombe,Nigeria,"508,575","488,715",4.06%
1084,Gaoyou,China,"507,934","488,387",4.00%
1085,Kansas City,United States,"507,652","494,536",1.31%
1086,Yanshi,China,"507,643","482,460",5.22%
1087,Kikwit,Dr Congo,"507,462","489,903",3.58%
1088,Lipetsk,Russia,"507,291","508,968",-0.33%
1089,Al Mukalla,Yemen,"506,356","476,632",6.24%
1090,Cheboksary,Russia,"505,870","502,323",0.71%
1091,Bournemouth,United Kingdom,"505,687","501,288",0.88%
1092,Laixi,China,"505,117","486,767",3.77%
1093,Mataram,Indonesia,"505,024","493,946",2.24%
1094,Karaganda,Kazakhstan,"504,946","505,426",-0.09%
1095,Miami,United States,"504,439","479,009",2.59%
1096,Muzaffarpur,India,"504,158","492,089",2.45%
1097,El Djelfa,Algeria,"503,397","479,240",5.04%
1098,Colorado Springs,United States,"503,365","484,233",1.94%
1099,Nakhon Pathom,Thailand,"503,271","487,303",3.28%
1100,Shuangyashan,China,"503,179","499,964",0.64%
1101,Kuantan,Malaysia,"502,866","491,303",2.35%
1102,Khon Kaen,Thailand,"502,594","495,842",1.36%
1103,Tanta,Egypt,"501,423","495,344",1.23%
1104,Chuxiong,China,"500,867","481,012",4.13%
1105,Douai Lens,France,"500,776","501,078",-0.06%
1106,Ziyang,China,"500,094","485,973",2.91%
